<?xml version='1.0' encoding='utf-8' standalone='yes' ?>
<map>
    <long name="first_open_time" value="1757330746627" />
    <string name="gmp_app_id">1:367269008986:android:79b1ca5495411124</string>
    <string name="app_instance_id">608766f310118d1d56894c2f7650aeb4</string>
    <long name="session_id" value="1757426434" />
    <boolean name="app_backgrounded" value="false" />
    <long name="health_monitor:start" value="1757426434451" />
    <boolean name="use_service" value="true" />
    <boolean name="deferred_analytics_collection" value="false" />
    <string name="previous_os_version">11</string>
    <boolean name="has_been_opened" value="true" />
    <boolean name="allow_remote_dynamite" value="true" />
    <long name="last_pause_time" value="1757426549286" />
    <boolean name="start_new_session" value="false" />
</map>
